Yeast growth rates,,
,,
time(hours),OD yeast,LN(OD yeast)
0,16,2.772588722
1,16,2.772588722
2,16,2.772588722
3,36,3.583518938
4,75,4.317488114
5,151,5.017279837
6,312,5.743003188
7,631,6.447305863
8,1270,7.146772179
9,2551,7.844240718
10,5110,8.538954683
