Cities,Sales,Cumulative Frequency
San Francisco,19923,0.317068513
LA,17129,0.589671362
Denver,13456,0.803819527
New York,12327,1
